{"('0', '2', '0000')": [2.0185433704250144, 0.3793603029118089, 2.009416804570818, 0.1774797411682147], "('0', '2', '0001')": [2.0045557210473843, 0.05742438913229252, 2.311044764051289, -99.99999999895397], "('0', '2', '0010')": [2.1566090062200622, 0.47987784619025464, -70.0, -0.010404483216290866], "('0', '2', '0011')": [0, 0, 0, 0], "('0', '2', '0100')": [2.0035071477537363, -99.99343900000001, 3.056005667493495, 0.01454570867909085], "('0', '2', '0101')": [2.0661069703106607, 0, 0, 0], "('0', '2', '0110')": [1.874402690747811, 0, 0, 0], "('0', '2', '0111')": [0, 0, 0, 0], "('0', '2', '1000')": [-97.30000000000001, -0.26603685540039257, 1.9439754650566003, -0.07732222318172505], "('0', '2', '1001')": [-70.0, -0.20275135269226244, 0, 0], "('0', '2', '1010')": [0, 0, 0, 0], "('0', '2', '1011')": [0, 0, 0, 0], "('0', '2', '1100')": [0, 0, 0, 0], "('0', '2', '1101')": [0, 0, 0, 0], "('0', '2', '1110')": [0, 0, 0, 0], "('0', '2', '1111')": [0, 0, 0, 0], "('0', '3', '0000')": [4.573594109605081, 0.0058142586859784035, 0.024445389783077608, 2.000125115311512], "('0', '3', '0001')": [2.02012674091038, -0.01429517774696217, 0.07652747893640678, -91.0], "('0', '3', '0010')": [2.0002254068244847, 0.06321674905385911, -99.97813000000001, 2.0002271991659653], "('0', '3', '0011')": [1.8077960709776502, 0, 0, 0], "('0', '3', '0100')": [2.0002676209486214, -99.99999987085985, 0.04971813216397617, 2.000307323879407], "('0', '3', '0101')": [2.046582516523675, 0, 0, 0], "('0', '3', '0110')": [2.0417100457184083, -91.0, 0, 0], "('0', '3', '0111')": [0, 0, 0, 0], "('0', '3', '1000')": [-70.0, 0.0897496833513005, -0.0029751294358551393, 2.0064758970066157], "('0', '3', '1001')": [0, 0, 0, 0], "('0', '3', '1010')": [-70.0, 0, 0, 0], "('0', '3', '1011')": [0, 0, 0, 0], "('0', '3', '1100')": [-70.0, -70.0, -0.10573792695973289, 0], "('0', '3', '1101')": [0, 0, 0, 0], "('0', '3', '1110')": [0, 0, 0, 0], "('0', '3', '1111')": [0, 0, 0, 0], "('0', 'NA', '0000')": [8.546806024847095, 0.003292778999825638, 0.13755320025543688, 0.19118988464205744], "('0', 'NA', '0001')": [8.66013899665502, -0.7, -0.00619383882668335, -97.30000000000001], "('0', 'NA', '0010')": [2.5259585190437086, 0, -70.0, 0.03907365287745916], "('0', 'NA', '0011')": [0, 0, 0, 0], "('0', 'NA', '0100')": [8.356638382682455, -99.9999999883774, 0.078287151720107, 0.048955875510264736], "('0', 'NA', '0101')": [2.2417029402915456, 0, 0, 0], "('0', 'NA', '0110')": [0, 0, 0, 0], "('0', 'NA', '0111')": [0, 0, 0, 0], "('0', 'NA', '1000')": [-70.0, -0.9099999999999999, 0.0033872481361571834, 0], "('0', 'NA', '1001')": [0, 0, 0, 0], "('0', 'NA', '1010')": [-70.0, 0, 0, 0], "('0', 'NA', '1011')": [0, 0, 0, 0], "('0', 'NA', '1100')": [0, 0, 0, 0], "('0', 'NA', '1101')": [0, 0, 0, 0], "('0', 'NA', '1110')": [0, 0, 0, 0], "('0', 'NA', '1111')": [0, 0, 0, 0], "('1', '2', '0000')": [0.03703878540322495, 2.0016464021748215, 5.685210625494128, 0.015164272562840378], "('1', '2', '0001')": [0.05408231599459032, 2.069685909600737, 2.016928016890737, -99.999995217031], "('1', '2', '0010')": [0.12445488168785926, 2.9361914811100247, -91.0, -0.014106482502100047], "('1', '2', '0011')": [-0.7, 1.8830647311681559, 0, 0], "('1', '2', '0100')": [-0.09415781925384896, -70.0, 2.0480334664302156, -0.45111586316533253], "('1', '2', '0101')": [-0.7, -70.0, 1.3938256334831585, 0], "('1', '2', '0110')": [0, 0, 0, 0], "('1', '2', '0111')": [0, 0, 0, 0], "('1', '2', '1000')": [-99.99999856510931, 2.022265314301367, 2.1143254082878866, 0.013172279679832907], "('1', '2', '1001')": [-91.0, 1.300000000000006, 1.4045421385364043, 0], "('1', '2', '1010')": [-70.0, 0, -70.0, 0], "('1', '2', '1011')": [0, 0, 0, 0], "('1', '2', '1100')": [-70.0, -70.0, 0, 0], "('1', '2', '1101')": [0, 0, 0, 0], "('1', '2', '1110')": [0, 0, 0, 0], "('1', '2', '1111')": [0, 0, 0, 0], "('1', '3', '0000')": [0.29417310028721644, 2.0079941420049474, 0.19909784935752445, 4.57175514037925], "('1', '3', '0001')": [-0.046724857274797804, 2.0724279665252596, -0.09229317603282422, 0], "('1', '3', '0010')": [0.055850027795737, 2.1800528462649105, -99.99940951, 2.0000571793477815], "('1', '3', '0011')": [-0.002792879136487869, 0, 0, 0], "('1', '3', '0100')": [0.1548934913299922, -99.19000000000001, 0.015631828829186095, 2.2117501871179877], "('1', '3', '0101')": [0, 0, 0, 0], "('1', '3', '0110')": [-0.9099999999999999, -70.0, -70.0, 3.1689939540591974], "('1', '3', '0111')": [0, 0, 0, 0], "('1', '3', '1000')": [-99.92710000000001, 2.0000562722356783, -0.005014097053546396, 4.323265681907749], "('1', '3', '1001')": [-70.0, 1.4993017695953945, 0, 0], "('1', '3', '1010')": [-70.0, 1.958873270627647, 0, 0], "('1', '3', '1011')": [0, 0, 0, 0], "('1', '3', '1100')": [-70.0, -70.0, 0, 0], "('1', '3', '1101')": [0, 0, 0, 0], "('1', '3', '1110')": [0, 0, 0, 0], "('1', '3', '1111')": [0, 0, 0, 0], "('1', 'NA', '0000')": [0.7178680733987441, 10.723939381255661, 0.6351913914626546, 1.3140784675203152], "('1', 'NA', '0001')": [-0.7, 9.334595985554243, 0, 0], "('1', 'NA', '0010')": [-0.8927276477338535, 3.9753399407103416, 0, 0], "('1', 'NA', '0011')": [0, 0, 0, 0], "('1', 'NA', '0100')": [-0.7, -91.0, -0.24510005052157402, 0.15852447678803927], "('1', 'NA', '0101')": [0, 0, 0, 0], "('1', 'NA', '0110')": [0, 0, 0, 0], "('1', 'NA', '0111')": [0, 0, 0, 0], "('1', 'NA', '1000')": [-99.9999999883774, 2.087045893931163, -0.11546859623855195, 0.20506234932204945], "('1', 'NA', '1001')": [0, 0, 0, 0], "('1', 'NA', '1010')": [-70.0, 5.974318900033142, 0, 0], "('1', 'NA', '1011')": [0, 0, 0, 0], "('1', 'NA', '1100')": [0, 0, 0, 0], "('1', 'NA', '1101')": [0, 0, 0, 0], "('1', 'NA', '1110')": [0, 0, 0, 0], "('1', 'NA', '1111')": [0, 0, 0, 0], "('NA', '2', '0000')": [1.0635177722218168, 1.2450428071147377, 8.464517285821222, 1.298446867655128], "('NA', '2', '0001')": [0.06082695674343046, 0.32811497417185553, 6.192269271584031, -99.99343900000001], "('NA', '2', '0010')": [-0.3815, 0.017657120402061882, 0, 0], "('NA', '2', '0011')": [0, 0, 0, 0], "('NA', '2', '0100')": [-0.7, -70.0, 2.022039919926273, 0], "('NA', '2', '0101')": [-0.6916246812209611, 0, 0, 0], "('NA', '2', '0110')": [0, 0, 0, 0], "('NA', '2', '0111')": [0, 0, 0, 0], "('NA', '2', '1000')": [-70.0, -0.04901271460870802, 6.667470621929228, -0.8106171025640461], "('NA', '2', '1001')": [-70.0, -0.6202500089938584, 1.400319916354407, 0], "('NA', '2', '1010')": [0, 0, 0, 0], "('NA', '2', '1011')": [0, 0, 0, 0], "('NA', '2', '1100')": [0, 0, 0, 0], "('NA', '2', '1101')": [0, 0, 0, 0], "('NA', '2', '1110')": [0, 0, 0, 0], "('NA', '2', '1111')": [0, 0, 0, 0], "('NA', '3', '0000')": [0.023919010980277766, 1.2614433929805555, 0.07236100477165157, 8.812549967982404], "('NA', '3', '0001')": [-0.35945000000000005, -0.14246344913501482, -0.9099999999999999, 0], "('NA', '3', '0010')": [0.0343660824009759, 0.09049229045146234, -99.19000000000001, 8.649472021724915], "('NA', '3', '0011')": [-0.00948317737694142, 0, 0, 0], "('NA', '3', '0100')": [-0.7, -70.0, -0.7, 2.7098671960192275], "('NA', '3', '0101')": [0, 0, 0, 0], "('NA', '3', '0110')": [-0.7, -70.0, -70.0, 0], "('NA', '3', '0111')": [0, 0, 0, 0], "('NA', '3', '1000')": [-91.0, -0.7180915924299026, -0.7, 9.624465725327227], "('NA', '3', '1001')": [0, 0, 0, 0], "('NA', '3', '1010')": [0, 0, 0, 0], "('NA', '3', '1011')": [0, 0, 0, 0], "('NA', '3', '1100')": [-70.0, 0, 0, 0], "('NA', '3', '1101')": [0, 0, 0, 0], "('NA', '3', '1110')": [0, 0, 0, 0], "('NA', '3', '1111')": [0, 0, 0, 0], "('NA', 'NA', '0000')": [2.208463437613183, 0, 0, 0], "('NA', 'NA', '0001')": [0, 0, 0, 0], "('NA', 'NA', '0010')": [0, 0, 0, 0], "('NA', 'NA', '0011')": [0, 0, 0, 0], "('NA', 'NA', '0100')": [0, 0, 0, 0], "('NA', 'NA', '0101')": [0, 0, 0, 0], "('NA', 'NA', '0110')": [0, 0, 0, 0], "('NA', 'NA', '0111')": [0, 0, 0, 0], "('NA', 'NA', '1000')": [0, 0, 0, 0], "('NA', 'NA', '1001')": [0, 0, 0, 0], "('NA', 'NA', '1010')": [0, 0, 0, 0], "('NA', 'NA', '1011')": [0, 0, 0, 0], "('NA', 'NA', '1100')": [0, 0, 0, 0],